video_index,video_name,behavior,frame,time_sec,max_cv,top3_cv,max_seg,avg_body_size_px,midback_offset_ratio,torso_ratio
2,walk_13535868,walk,16,0.533,0.1756855547428131,0.1310447702805201,Nose-Chest,176.78233337402344,0.7288968563079834,0.3057645559310913
2,walk_13535868,walk,18,0.6,0.16634778678417206,0.12423328806956609,Nose-Chest,174.67787170410156,0.7293664216995239,0.3017593026161194
2,walk_13535868,walk,20,0.667,0.14060238003730774,0.10982933392127354,Nose-Chest,173.08737182617188,0.7280914783477783,0.29798954725265503
