{
  "created_at": "2026-07-14 21:44:25",
  "suffix": "stop",
  "source_videos": [
    "7月7日 (8)(2)",
    "7月7日 (8)(5)",
    "7月7日 (8)"
  ],
  "metrics": {
    "midback_offset_ratio": {
      "mean": 0.3918042873980802,
      "std": 0.08419314783712899,
      "p5": 0.2521795243024826,
      "p25": 0.3285510018467903,
      "p50": 0.3982096016407013,
      "p75": 0.46327658742666245,
      "p95": 0.5049757808446884,
      "min": 0.2477121651172638,
      "max": 0.512786865234375,
      "n": 218
    },
    "midback_angle": {
      "mean": 105.58729377597953,
      "std": 13.417161582520155,
      "p5": 89.32194745796697,
      "p25": 94.32928815144989,
      "p50": 103.2991696993897,
      "p75": 115.19836251949958,
      "p95": 129.2883847601079,
      "min": 86.5053170763544,
      "max": 131.152670830799,
      "n": 218
    },
    "body_axis_score_jitter": {
      "mean": 3.07301709870664,
      "std": 1.8805026729245966,
      "p5": 0.9589816045616482,
      "p25": 1.9400851808495823,
      "p50": 2.626343155268273,
      "p75": 3.4445938206738447,
      "p95": 7.071612696000088,
      "min": 0.5889637441797362,
      "max": 10.697567474058019,
      "n": 218
    }
  }
}